INSERT IGNORE INTO roles (id, code, name) VALUES
 (1, 'admin', '管理员'),
 (2, 'organizer', '组织者'),
 (3, 'student', '学生');

INSERT INTO users (id, username, password_hash, name, email, phone, enabled, created_at)
VALUES
 (1, 'admin', '$2a$10$/RcMQLLMr/KZop.cEWVD3.rEFDuehjniJ.x8a6eAmDm/FHyk7YG2m', '管理员', 'admin@example.com', '13000000000', 1, NOW()),
 (2, 'org1', '$2a$10$/RcMQLLMr/KZop.cEWVD3.rEFDuehjniJ.x8a6eAmDm/FHyk7YG2m', '组织者A', 'org1@example.com', '13100000000', 1, NOW()),
 (3, 'stu1', '$2a$10$/RcMQLLMr/KZop.cEWVD3.rEFDuehjniJ.x8a6eAmDm/FHyk7YG2m', '学生A', 'stu1@example.com', '13200000000', 1, NOW())
ON DUPLICATE KEY UPDATE username=username;

INSERT IGNORE INTO user_role (user_id, role_id) VALUES
 (1, 1), (2, 2), (3, 3);

INSERT IGNORE INTO organizations (id, name, description, contact, created_at) VALUES
 (1, '学生会', '校级学生会', 'student@campus.com', NOW()),
 (2, '音乐社', '校园音乐社团', 'music@campus.com', NOW());

INSERT IGNORE INTO events (id, org_id, creator_id, title, description, category, tags, location, signup_start_time, signup_end_time, start_time, end_time, capacity, status, created_at, updated_at) VALUES
 (1, 1, 2, '校园音乐节', '周五晚间音乐演出，欢迎报名', '演出', '音乐,夜场', '礼堂', NOW(), NOW() + INTERVAL 2 DAY - INTERVAL 2 HOUR, NOW() + INTERVAL 2 DAY, NOW() + INTERVAL 2 DAY + INTERVAL 2 HOUR, 100, 'published', NOW(), NOW()),
 (2, 2, 2, '吉他体验营', '零基础吉他体验课', '培训', '吉他,体验', '活动室203', NOW(), NOW() + INTERVAL 3 DAY - INTERVAL 2 HOUR, NOW() + INTERVAL 3 DAY, NOW() + INTERVAL 3 DAY + INTERVAL 2 HOUR, 30, 'published', NOW(), NOW());

INSERT IGNORE INTO registration_blacklist (user_id, reason, created_at) VALUES
 (9999, '示例黑名单用户', NOW());

-- 批量演示数据（业务表，各 50 条）
-- 仅扩充 events 50 条，复用现有组织/用户
INSERT IGNORE INTO events (id, org_id, creator_id, title, description, category, tags, location, signup_start_time, signup_end_time, start_time, end_time, capacity, status, created_at, updated_at) VALUES
 (101, 1, 2, '批量活动101', '批量活动描述', '演出', '批量,演出', '教学楼A-101', NOW() + INTERVAL 1 DAY, NOW() + INTERVAL 3 DAY, NOW() + INTERVAL 5 DAY, NOW() + INTERVAL 5 DAY + INTERVAL 2 HOUR, 80, 'draft', NOW(), NOW()),
 (102, 2, 2, '批量活动102', '批量活动描述', '培训', '批量,培训', '教学楼A-102', NOW() + INTERVAL 1 DAY, NOW() + INTERVAL 3 DAY, NOW() + INTERVAL 5 DAY, NOW() + INTERVAL 5 DAY + INTERVAL 2 HOUR, 60, 'pending_review', NOW(), NOW()),
 (103, 1, 2, '批量活动103', '批量活动描述', '演出', '批量,演出', '教学楼A-103', NOW() + INTERVAL 1 DAY, NOW() + INTERVAL 3 DAY, NOW() + INTERVAL 5 DAY, NOW() + INTERVAL 5 DAY + INTERVAL 2 HOUR, 80, 'published', NOW(), NOW()),
 (104, 2, 2, '批量活动104', '批量活动描述', '培训', '批量,培训', '教学楼A-104', NOW() + INTERVAL 1 DAY, NOW() + INTERVAL 3 DAY, NOW() + INTERVAL 5 DAY, NOW() + INTERVAL 5 DAY + INTERVAL 2 HOUR, 60, 'rejected', NOW(), NOW()),
 (105, 1, 2, '批量活动105', '批量活动描述', '演出', '批量,演出', '教学楼A-105', NOW() + INTERVAL 1 DAY, NOW() + INTERVAL 3 DAY, NOW() + INTERVAL 5 DAY, NOW() + INTERVAL 5 DAY + INTERVAL 2 HOUR, 80, 'canceled', NOW(), NOW()),
 (106, 2, 2, '批量活动106', '批量活动描述', '培训', '批量,培训', '教学楼A-106', NOW() + INTERVAL 1 DAY, NOW() + INTERVAL 3 DAY, NOW() + INTERVAL 5 DAY, NOW() + INTERVAL 5 DAY + INTERVAL 2 HOUR, 60, 'archived', NOW(), NOW()),
 (107, 1, 2, '批量活动107', '批量活动描述', '演出', '批量,演出', '教学楼A-107', NOW() + INTERVAL 1 DAY, NOW() + INTERVAL 3 DAY, NOW() + INTERVAL 5 DAY, NOW() + INTERVAL 5 DAY + INTERVAL 2 HOUR, 80, 'draft', NOW(), NOW()),
 (108, 2, 2, '批量活动108', '批量活动描述', '培训', '批量,培训', '教学楼A-108', NOW() + INTERVAL 1 DAY, NOW() + INTERVAL 3 DAY, NOW() + INTERVAL 5 DAY, NOW() + INTERVAL 5 DAY + INTERVAL 2 HOUR, 60, 'pending_review', NOW(), NOW()),
 (109, 1, 2, '批量活动109', '批量活动描述', '演出', '批量,演出', '教学楼A-109', NOW() + INTERVAL 1 DAY, NOW() + INTERVAL 3 DAY, NOW() + INTERVAL 5 DAY, NOW() + INTERVAL 5 DAY + INTERVAL 2 HOUR, 80, 'published', NOW(), NOW()),
 (110, 2, 2, '批量活动110', '批量活动描述', '培训', '批量,培训', '教学楼A-110', NOW() + INTERVAL 1 DAY, NOW() + INTERVAL 3 DAY, NOW() + INTERVAL 5 DAY, NOW() + INTERVAL 5 DAY + INTERVAL 2 HOUR, 60, 'rejected', NOW(), NOW()),
 (111, 1, 2, '批量活动111', '批量活动描述', '演出', '批量,演出', '教学楼A-111', NOW() + INTERVAL 1 DAY, NOW() + INTERVAL 3 DAY, NOW() + INTERVAL 5 DAY, NOW() + INTERVAL 5 DAY + INTERVAL 2 HOUR, 80, 'canceled', NOW(), NOW()),
 (112, 2, 2, '批量活动112', '批量活动描述', '培训', '批量,培训', '教学楼A-112', NOW() + INTERVAL 1 DAY, NOW() + INTERVAL 3 DAY, NOW() + INTERVAL 5 DAY, NOW() + INTERVAL 5 DAY + INTERVAL 2 HOUR, 60, 'archived', NOW(), NOW()),
 (113, 1, 2, '批量活动113', '批量活动描述', '演出', '批量,演出', '教学楼A-113', NOW() + INTERVAL 1 DAY, NOW() + INTERVAL 3 DAY, NOW() + INTERVAL 5 DAY, NOW() + INTERVAL 5 DAY + INTERVAL 2 HOUR, 80, 'draft', NOW(), NOW()),
 (114, 2, 2, '批量活动114', '批量活动描述', '培训', '批量,培训', '教学楼A-114', NOW() + INTERVAL 1 DAY, NOW() + INTERVAL 3 DAY, NOW() + INTERVAL 5 DAY, NOW() + INTERVAL 5 DAY + INTERVAL 2 HOUR, 60, 'pending_review', NOW(), NOW()),
 (115, 1, 2, '批量活动115', '批量活动描述', '演出', '批量,演出', '教学楼A-115', NOW() + INTERVAL 1 DAY, NOW() + INTERVAL 3 DAY, NOW() + INTERVAL 5 DAY, NOW() + INTERVAL 5 DAY + INTERVAL 2 HOUR, 80, 'published', NOW(), NOW()),
 (116, 2, 2, '批量活动116', '批量活动描述', '培训', '批量,培训', '教学楼A-116', NOW() + INTERVAL 1 DAY, NOW() + INTERVAL 3 DAY, NOW() + INTERVAL 5 DAY, NOW() + INTERVAL 5 DAY + INTERVAL 2 HOUR, 60, 'rejected', NOW(), NOW()),
 (117, 1, 2, '批量活动117', '批量活动描述', '演出', '批量,演出', '教学楼A-117', NOW() + INTERVAL 1 DAY, NOW() + INTERVAL 3 DAY, NOW() + INTERVAL 5 DAY, NOW() + INTERVAL 5 DAY + INTERVAL 2 HOUR, 80, 'canceled', NOW(), NOW()),
 (118, 2, 2, '批量活动118', '批量活动描述', '培训', '批量,培训', '教学楼A-118', NOW() + INTERVAL 1 DAY, NOW() + INTERVAL 3 DAY, NOW() + INTERVAL 5 DAY, NOW() + INTERVAL 5 DAY + INTERVAL 2 HOUR, 60, 'archived', NOW(), NOW()),
 (119, 1, 2, '批量活动119', '批量活动描述', '演出', '批量,演出', '教学楼A-119', NOW() + INTERVAL 1 DAY, NOW() + INTERVAL 3 DAY, NOW() + INTERVAL 5 DAY, NOW() + INTERVAL 5 DAY + INTERVAL 2 HOUR, 80, 'draft', NOW(), NOW()),
 (120, 2, 2, '批量活动120', '批量活动描述', '培训', '批量,培训', '教学楼A-120', NOW() + INTERVAL 1 DAY, NOW() + INTERVAL 3 DAY, NOW() + INTERVAL 5 DAY, NOW() + INTERVAL 5 DAY + INTERVAL 2 HOUR, 60, 'pending_review', NOW(), NOW()),
 (121, 1, 2, '批量活动121', '批量活动描述', '演出', '批量,演出', '教学楼A-121', NOW() + INTERVAL 1 DAY, NOW() + INTERVAL 3 DAY, NOW() + INTERVAL 5 DAY, NOW() + INTERVAL 5 DAY + INTERVAL 2 HOUR, 80, 'published', NOW(), NOW()),
 (122, 2, 2, '批量活动122', '批量活动描述', '培训', '批量,培训', '教学楼A-122', NOW() + INTERVAL 1 DAY, NOW() + INTERVAL 3 DAY, NOW() + INTERVAL 5 DAY, NOW() + INTERVAL 5 DAY + INTERVAL 2 HOUR, 60, 'rejected', NOW(), NOW()),
 (123, 1, 2, '批量活动123', '批量活动描述', '演出', '批量,演出', '教学楼A-123', NOW() + INTERVAL 1 DAY, NOW() + INTERVAL 3 DAY, NOW() + INTERVAL 5 DAY, NOW() + INTERVAL 5 DAY + INTERVAL 2 HOUR, 80, 'canceled', NOW(), NOW()),
 (124, 2, 2, '批量活动124', '批量活动描述', '培训', '批量,培训', '教学楼A-124', NOW() + INTERVAL 1 DAY, NOW() + INTERVAL 3 DAY, NOW() + INTERVAL 5 DAY, NOW() + INTERVAL 5 DAY + INTERVAL 2 HOUR, 60, 'archived', NOW(), NOW()),
 (125, 1, 2, '批量活动125', '批量活动描述', '演出', '批量,演出', '教学楼A-125', NOW() + INTERVAL 1 DAY, NOW() + INTERVAL 3 DAY, NOW() + INTERVAL 5 DAY, NOW() + INTERVAL 5 DAY + INTERVAL 2 HOUR, 80, 'draft', NOW(), NOW()),
 (126, 2, 2, '批量活动126', '批量活动描述', '培训', '批量,培训', '教学楼A-126', NOW() + INTERVAL 1 DAY, NOW() + INTERVAL 3 DAY, NOW() + INTERVAL 5 DAY, NOW() + INTERVAL 5 DAY + INTERVAL 2 HOUR, 60, 'pending_review', NOW(), NOW()),
 (127, 1, 2, '批量活动127', '批量活动描述', '演出', '批量,演出', '教学楼A-127', NOW() + INTERVAL 1 DAY, NOW() + INTERVAL 3 DAY, NOW() + INTERVAL 5 DAY, NOW() + INTERVAL 5 DAY + INTERVAL 2 HOUR, 80, 'published', NOW(), NOW()),
 (128, 2, 2, '批量活动128', '批量活动描述', '培训', '批量,培训', '教学楼A-128', NOW() + INTERVAL 1 DAY, NOW() + INTERVAL 3 DAY, NOW() + INTERVAL 5 DAY, NOW() + INTERVAL 5 DAY + INTERVAL 2 HOUR, 60, 'rejected', NOW(), NOW()),
 (129, 1, 2, '批量活动129', '批量活动描述', '演出', '批量,演出', '教学楼A-129', NOW() + INTERVAL 1 DAY, NOW() + INTERVAL 3 DAY, NOW() + INTERVAL 5 DAY, NOW() + INTERVAL 5 DAY + INTERVAL 2 HOUR, 80, 'canceled', NOW(), NOW()),
 (130, 2, 2, '批量活动130', '批量活动描述', '培训', '批量,培训', '教学楼A-130', NOW() + INTERVAL 1 DAY, NOW() + INTERVAL 3 DAY, NOW() + INTERVAL 5 DAY, NOW() + INTERVAL 5 DAY + INTERVAL 2 HOUR, 60, 'archived', NOW(), NOW()),
 (131, 1, 2, '批量活动131', '批量活动描述', '演出', '批量,演出', '教学楼A-131', NOW() + INTERVAL 1 DAY, NOW() + INTERVAL 3 DAY, NOW() + INTERVAL 5 DAY, NOW() + INTERVAL 5 DAY + INTERVAL 2 HOUR, 80, 'draft', NOW(), NOW()),
 (132, 2, 2, '批量活动132', '批量活动描述', '培训', '批量,培训', '教学楼A-132', NOW() + INTERVAL 1 DAY, NOW() + INTERVAL 3 DAY, NOW() + INTERVAL 5 DAY, NOW() + INTERVAL 5 DAY + INTERVAL 2 HOUR, 60, 'pending_review', NOW(), NOW()),
 (133, 1, 2, '批量活动133', '批量活动描述', '演出', '批量,演出', '教学楼A-133', NOW() + INTERVAL 1 DAY, NOW() + INTERVAL 3 DAY, NOW() + INTERVAL 5 DAY, NOW() + INTERVAL 5 DAY + INTERVAL 2 HOUR, 80, 'published', NOW(), NOW()),
 (134, 2, 2, '批量活动134', '批量活动描述', '培训', '批量,培训', '教学楼A-134', NOW() + INTERVAL 1 DAY, NOW() + INTERVAL 3 DAY, NOW() + INTERVAL 5 DAY, NOW() + INTERVAL 5 DAY + INTERVAL 2 HOUR, 60, 'rejected', NOW(), NOW()),
 (135, 1, 2, '批量活动135', '批量活动描述', '演出', '批量,演出', '教学楼A-135', NOW() + INTERVAL 1 DAY, NOW() + INTERVAL 3 DAY, NOW() + INTERVAL 5 DAY, NOW() + INTERVAL 5 DAY + INTERVAL 2 HOUR, 80, 'canceled', NOW(), NOW()),
 (136, 2, 2, '批量活动136', '批量活动描述', '培训', '批量,培训', '教学楼A-136', NOW() + INTERVAL 1 DAY, NOW() + INTERVAL 3 DAY, NOW() + INTERVAL 5 DAY, NOW() + INTERVAL 5 DAY + INTERVAL 2 HOUR, 60, 'archived', NOW(), NOW()),
 (137, 1, 2, '批量活动137', '批量活动描述', '演出', '批量,演出', '教学楼A-137', NOW() + INTERVAL 1 DAY, NOW() + INTERVAL 3 DAY, NOW() + INTERVAL 5 DAY, NOW() + INTERVAL 5 DAY + INTERVAL 2 HOUR, 80, 'draft', NOW(), NOW()),
 (138, 2, 2, '批量活动138', '批量活动描述', '培训', '批量,培训', '教学楼A-138', NOW() + INTERVAL 1 DAY, NOW() + INTERVAL 3 DAY, NOW() + INTERVAL 5 DAY, NOW() + INTERVAL 5 DAY + INTERVAL 2 HOUR, 60, 'pending_review', NOW(), NOW()),
 (139, 1, 2, '批量活动139', '批量活动描述', '演出', '批量,演出', '教学楼A-139', NOW() + INTERVAL 1 DAY, NOW() + INTERVAL 3 DAY, NOW() + INTERVAL 5 DAY, NOW() + INTERVAL 5 DAY + INTERVAL 2 HOUR, 80, 'published', NOW(), NOW()),
 (140, 2, 2, '批量活动140', '批量活动描述', '培训', '批量,培训', '教学楼A-140', NOW() + INTERVAL 1 DAY, NOW() + INTERVAL 3 DAY, NOW() + INTERVAL 5 DAY, NOW() + INTERVAL 5 DAY + INTERVAL 2 HOUR, 60, 'rejected', NOW(), NOW()),
 (141, 1, 2, '批量活动141', '批量活动描述', '演出', '批量,演出', '教学楼A-141', NOW() + INTERVAL 1 DAY, NOW() + INTERVAL 3 DAY, NOW() + INTERVAL 5 DAY, NOW() + INTERVAL 5 DAY + INTERVAL 2 HOUR, 80, 'canceled', NOW(), NOW()),
 (142, 2, 2, '批量活动142', '批量活动描述', '培训', '批量,培训', '教学楼A-142', NOW() + INTERVAL 1 DAY, NOW() + INTERVAL 3 DAY, NOW() + INTERVAL 5 DAY, NOW() + INTERVAL 5 DAY + INTERVAL 2 HOUR, 60, 'archived', NOW(), NOW()),
 (143, 1, 2, '批量活动143', '批量活动描述', '演出', '批量,演出', '教学楼A-143', NOW() + INTERVAL 1 DAY, NOW() + INTERVAL 3 DAY, NOW() + INTERVAL 5 DAY, NOW() + INTERVAL 5 DAY + INTERVAL 2 HOUR, 80, 'draft', NOW(), NOW()),
 (144, 2, 2, '批量活动144', '批量活动描述', '培训', '批量,培训', '教学楼A-144', NOW() + INTERVAL 1 DAY, NOW() + INTERVAL 3 DAY, NOW() + INTERVAL 5 DAY, NOW() + INTERVAL 5 DAY + INTERVAL 2 HOUR, 60, 'pending_review', NOW(), NOW()),
 (145, 1, 2, '批量活动145', '批量活动描述', '演出', '批量,演出', '教学楼A-145', NOW() + INTERVAL 1 DAY, NOW() + INTERVAL 3 DAY, NOW() + INTERVAL 5 DAY, NOW() + INTERVAL 5 DAY + INTERVAL 2 HOUR, 80, 'published', NOW(), NOW()),
 (146, 2, 2, '批量活动146', '批量活动描述', '培训', '批量,培训', '教学楼A-146', NOW() + INTERVAL 1 DAY, NOW() + INTERVAL 3 DAY, NOW() + INTERVAL 5 DAY, NOW() + INTERVAL 5 DAY + INTERVAL 2 HOUR, 60, 'rejected', NOW(), NOW()),
 (147, 1, 2, '批量活动147', '批量活动描述', '演出', '批量,演出', '教学楼A-147', NOW() + INTERVAL 1 DAY, NOW() + INTERVAL 3 DAY, NOW() + INTERVAL 5 DAY, NOW() + INTERVAL 5 DAY + INTERVAL 2 HOUR, 80, 'canceled', NOW(), NOW()),
 (148, 2, 2, '批量活动148', '批量活动描述', '培训', '批量,培训', '教学楼A-148', NOW() + INTERVAL 1 DAY, NOW() + INTERVAL 3 DAY, NOW() + INTERVAL 5 DAY, NOW() + INTERVAL 5 DAY + INTERVAL 2 HOUR, 60, 'archived', NOW(), NOW()),
 (149, 1, 2, '批量活动149', '批量活动描述', '演出', '批量,演出', '教学楼A-149', NOW() + INTERVAL 1 DAY, NOW() + INTERVAL 3 DAY, NOW() + INTERVAL 5 DAY, NOW() + INTERVAL 5 DAY + INTERVAL 2 HOUR, 80, 'draft', NOW(), NOW()),
 (150, 2, 2, '批量活动150', '批量活动描述', '培训', '批量,培训', '教学楼A-150', NOW() + INTERVAL 1 DAY, NOW() + INTERVAL 3 DAY, NOW() + INTERVAL 5 DAY, NOW() + INTERVAL 5 DAY + INTERVAL 2 HOUR, 60, 'pending_review', NOW(), NOW());

-- 批量用户与关联数据（便于前端展示）
INSERT IGNORE INTO users (id, username, password_hash, name, email, phone, enabled, created_at) VALUES
 (101, 'user101', '$2a$10$/RcMQLLMr/KZop.cEWVD3.rEFDuehjniJ.x8a6eAmDm/FHyk7YG2m', 'User101', 'user101@example.com', '1390000101', 1, NOW()),
 (102, 'user102', '$2a$10$/RcMQLLMr/KZop.cEWVD3.rEFDuehjniJ.x8a6eAmDm/FHyk7YG2m', 'User102', 'user102@example.com', '1390000102', 1, NOW()),
 (103, 'user103', '$2a$10$/RcMQLLMr/KZop.cEWVD3.rEFDuehjniJ.x8a6eAmDm/FHyk7YG2m', 'User103', 'user103@example.com', '1390000103', 1, NOW()),
 (104, 'user104', '$2a$10$/RcMQLLMr/KZop.cEWVD3.rEFDuehjniJ.x8a6eAmDm/FHyk7YG2m', 'User104', 'user104@example.com', '1390000104', 1, NOW()),
 (105, 'user105', '$2a$10$/RcMQLLMr/KZop.cEWVD3.rEFDuehjniJ.x8a6eAmDm/FHyk7YG2m', 'User105', 'user105@example.com', '1390000105', 1, NOW()),
 (106, 'user106', '$2a$10$/RcMQLLMr/KZop.cEWVD3.rEFDuehjniJ.x8a6eAmDm/FHyk7YG2m', 'User106', 'user106@example.com', '1390000106', 1, NOW()),
 (107, 'user107', '$2a$10$/RcMQLLMr/KZop.cEWVD3.rEFDuehjniJ.x8a6eAmDm/FHyk7YG2m', 'User107', 'user107@example.com', '1390000107', 1, NOW()),
 (108, 'user108', '$2a$10$/RcMQLLMr/KZop.cEWVD3.rEFDuehjniJ.x8a6eAmDm/FHyk7YG2m', 'User108', 'user108@example.com', '1390000108', 1, NOW()),
 (109, 'user109', '$2a$10$/RcMQLLMr/KZop.cEWVD3.rEFDuehjniJ.x8a6eAmDm/FHyk7YG2m', 'User109', 'user109@example.com', '1390000109', 1, NOW()),
 (110, 'user110', '$2a$10$/RcMQLLMr/KZop.cEWVD3.rEFDuehjniJ.x8a6eAmDm/FHyk7YG2m', 'User110', 'user110@example.com', '1390000110', 1, NOW()),
 (111, 'user111', '$2a$10$/RcMQLLMr/KZop.cEWVD3.rEFDuehjniJ.x8a6eAmDm/FHyk7YG2m', 'User111', 'user111@example.com', '1390000111', 1, NOW()),
 (112, 'user112', '$2a$10$/RcMQLLMr/KZop.cEWVD3.rEFDuehjniJ.x8a6eAmDm/FHyk7YG2m', 'User112', 'user112@example.com', '1390000112', 1, NOW()),
 (113, 'user113', '$2a$10$/RcMQLLMr/KZop.cEWVD3.rEFDuehjniJ.x8a6eAmDm/FHyk7YG2m', 'User113', 'user113@example.com', '1390000113', 1, NOW()),
 (114, 'user114', '$2a$10$/RcMQLLMr/KZop.cEWVD3.rEFDuehjniJ.x8a6eAmDm/FHyk7YG2m', 'User114', 'user114@example.com', '1390000114', 1, NOW()),
 (115, 'user115', '$2a$10$/RcMQLLMr/KZop.cEWVD3.rEFDuehjniJ.x8a6eAmDm/FHyk7YG2m', 'User115', 'user115@example.com', '1390000115', 1, NOW()),
 (116, 'user116', '$2a$10$/RcMQLLMr/KZop.cEWVD3.rEFDuehjniJ.x8a6eAmDm/FHyk7YG2m', 'User116', 'user116@example.com', '1390000116', 1, NOW()),
 (117, 'user117', '$2a$10$/RcMQLLMr/KZop.cEWVD3.rEFDuehjniJ.x8a6eAmDm/FHyk7YG2m', 'User117', 'user117@example.com', '1390000117', 1, NOW()),
 (118, 'user118', '$2a$10$/RcMQLLMr/KZop.cEWVD3.rEFDuehjniJ.x8a6eAmDm/FHyk7YG2m', 'User118', 'user118@example.com', '1390000118', 1, NOW()),
 (119, 'user119', '$2a$10$/RcMQLLMr/KZop.cEWVD3.rEFDuehjniJ.x8a6eAmDm/FHyk7YG2m', 'User119', 'user119@example.com', '1390000119', 1, NOW()),
 (120, 'user120', '$2a$10$/RcMQLLMr/KZop.cEWVD3.rEFDuehjniJ.x8a6eAmDm/FHyk7YG2m', 'User120', 'user120@example.com', '1390000120', 1, NOW()),
 (121, 'user121', '$2a$10$/RcMQLLMr/KZop.cEWVD3.rEFDuehjniJ.x8a6eAmDm/FHyk7YG2m', 'User121', 'user121@example.com', '1390000121', 1, NOW()),
 (122, 'user122', '$2a$10$/RcMQLLMr/KZop.cEWVD3.rEFDuehjniJ.x8a6eAmDm/FHyk7YG2m', 'User122', 'user122@example.com', '1390000122', 1, NOW()),
 (123, 'user123', '$2a$10$/RcMQLLMr/KZop.cEWVD3.rEFDuehjniJ.x8a6eAmDm/FHyk7YG2m', 'User123', 'user123@example.com', '1390000123', 1, NOW()),
 (124, 'user124', '$2a$10$/RcMQLLMr/KZop.cEWVD3.rEFDuehjniJ.x8a6eAmDm/FHyk7YG2m', 'User124', 'user124@example.com', '1390000124', 1, NOW()),
 (125, 'user125', '$2a$10$/RcMQLLMr/KZop.cEWVD3.rEFDuehjniJ.x8a6eAmDm/FHyk7YG2m', 'User125', 'user125@example.com', '1390000125', 1, NOW()),
 (126, 'user126', '$2a$10$/RcMQLLMr/KZop.cEWVD3.rEFDuehjniJ.x8a6eAmDm/FHyk7YG2m', 'User126', 'user126@example.com', '1390000126', 1, NOW()),
 (127, 'user127', '$2a$10$/RcMQLLMr/KZop.cEWVD3.rEFDuehjniJ.x8a6eAmDm/FHyk7YG2m', 'User127', 'user127@example.com', '1390000127', 1, NOW()),
 (128, 'user128', '$2a$10$/RcMQLLMr/KZop.cEWVD3.rEFDuehjniJ.x8a6eAmDm/FHyk7YG2m', 'User128', 'user128@example.com', '1390000128', 1, NOW()),
 (129, 'user129', '$2a$10$/RcMQLLMr/KZop.cEWVD3.rEFDuehjniJ.x8a6eAmDm/FHyk7YG2m', 'User129', 'user129@example.com', '1390000129', 1, NOW()),
 (130, 'user130', '$2a$10$/RcMQLLMr/KZop.cEWVD3.rEFDuehjniJ.x8a6eAmDm/FHyk7YG2m', 'User130', 'user130@example.com', '1390000130', 1, NOW()),
 (131, 'user131', '$2a$10$/RcMQLLMr/KZop.cEWVD3.rEFDuehjniJ.x8a6eAmDm/FHyk7YG2m', 'User131', 'user131@example.com', '1390000131', 1, NOW()),
 (132, 'user132', '$2a$10$/RcMQLLMr/KZop.cEWVD3.rEFDuehjniJ.x8a6eAmDm/FHyk7YG2m', 'User132', 'user132@example.com', '1390000132', 1, NOW()),
 (133, 'user133', '$2a$10$/RcMQLLMr/KZop.cEWVD3.rEFDuehjniJ.x8a6eAmDm/FHyk7YG2m', 'User133', 'user133@example.com', '1390000133', 1, NOW()),
 (134, 'user134', '$2a$10$/RcMQLLMr/KZop.cEWVD3.rEFDuehjniJ.x8a6eAmDm/FHyk7YG2m', 'User134', 'user134@example.com', '1390000134', 1, NOW()),
 (135, 'user135', '$2a$10$/RcMQLLMr/KZop.cEWVD3.rEFDuehjniJ.x8a6eAmDm/FHyk7YG2m', 'User135', 'user135@example.com', '1390000135', 1, NOW()),
 (136, 'user136', '$2a$10$/RcMQLLMr/KZop.cEWVD3.rEFDuehjniJ.x8a6eAmDm/FHyk7YG2m', 'User136', 'user136@example.com', '1390000136', 1, NOW()),
 (137, 'user137', '$2a$10$/RcMQLLMr/KZop.cEWVD3.rEFDuehjniJ.x8a6eAmDm/FHyk7YG2m', 'User137', 'user137@example.com', '1390000137', 1, NOW()),
 (138, 'user138', '$2a$10$/RcMQLLMr/KZop.cEWVD3.rEFDuehjniJ.x8a6eAmDm/FHyk7YG2m', 'User138', 'user138@example.com', '1390000138', 1, NOW()),
 (139, 'user139', '$2a$10$/RcMQLLMr/KZop.cEWVD3.rEFDuehjniJ.x8a6eAmDm/FHyk7YG2m', 'User139', 'user139@example.com', '1390000139', 1, NOW()),
 (140, 'user140', '$2a$10$/RcMQLLMr/KZop.cEWVD3.rEFDuehjniJ.x8a6eAmDm/FHyk7YG2m', 'User140', 'user140@example.com', '1390000140', 1, NOW()),
 (141, 'user141', '$2a$10$/RcMQLLMr/KZop.cEWVD3.rEFDuehjniJ.x8a6eAmDm/FHyk7YG2m', 'User141', 'user141@example.com', '1390000141', 1, NOW()),
 (142, 'user142', '$2a$10$/RcMQLLMr/KZop.cEWVD3.rEFDuehjniJ.x8a6eAmDm/FHyk7YG2m', 'User142', 'user142@example.com', '1390000142', 1, NOW()),
 (143, 'user143', '$2a$10$/RcMQLLMr/KZop.cEWVD3.rEFDuehjniJ.x8a6eAmDm/FHyk7YG2m', 'User143', 'user143@example.com', '1390000143', 1, NOW()),
 (144, 'user144', '$2a$10$/RcMQLLMr/KZop.cEWVD3.rEFDuehjniJ.x8a6eAmDm/FHyk7YG2m', 'User144', 'user144@example.com', '1390000144', 1, NOW()),
 (145, 'user145', '$2a$10$/RcMQLLMr/KZop.cEWVD3.rEFDuehjniJ.x8a6eAmDm/FHyk7YG2m', 'User145', 'user145@example.com', '1390000145', 1, NOW()),
 (146, 'user146', '$2a$10$/RcMQLLMr/KZop.cEWVD3.rEFDuehjniJ.x8a6eAmDm/FHyk7YG2m', 'User146', 'user146@example.com', '1390000146', 1, NOW()),
 (147, 'user147', '$2a$10$/RcMQLLMr/KZop.cEWVD3.rEFDuehjniJ.x8a6eAmDm/FHyk7YG2m', 'User147', 'user147@example.com', '1390000147', 1, NOW()),
 (148, 'user148', '$2a$10$/RcMQLLMr/KZop.cEWVD3.rEFDuehjniJ.x8a6eAmDm/FHyk7YG2m', 'User148', 'user148@example.com', '1390000148', 1, NOW()),
 (149, 'user149', '$2a$10$/RcMQLLMr/KZop.cEWVD3.rEFDuehjniJ.x8a6eAmDm/FHyk7YG2m', 'User149', 'user149@example.com', '1390000149', 1, NOW()),
 (150, 'user150', '$2a$10$/RcMQLLMr/KZop.cEWVD3.rEFDuehjniJ.x8a6eAmDm/FHyk7YG2m', 'User150', 'user150@example.com', '1390000150', 1, NOW());
INSERT IGNORE INTO user_role (user_id, role_id) VALUES
 (101, 3),
 (102, 3),
 (103, 3),
 (104, 3),
 (105, 3),
 (106, 3),
 (107, 3),
 (108, 3),
 (109, 3),
 (110, 3),
 (111, 3),
 (112, 3),
 (113, 3),
 (114, 3),
 (115, 3),
 (116, 3),
 (117, 3),
 (118, 3),
 (119, 3),
 (120, 3),
 (121, 3),
 (122, 3),
 (123, 3),
 (124, 3),
 (125, 3),
 (126, 3),
 (127, 3),
 (128, 3),
 (129, 3),
 (130, 3),
 (131, 3),
 (132, 3),
 (133, 3),
 (134, 3),
 (135, 3),
 (136, 3),
 (137, 3),
 (138, 3),
 (139, 3),
 (140, 3),
 (141, 3),
 (142, 3),
 (143, 3),
 (144, 3),
 (145, 3),
 (146, 3),
 (147, 3),
 (148, 3),
 (149, 3),
 (150, 3);
INSERT IGNORE INTO registrations (id, event_id, user_id, status, created_at, canceled_at, checkin_at) VALUES
 (201, 101, 101, 'registered', NOW(), NULL, NULL),
 (202, 102, 102, 'registered', NOW(), NULL, NOW()),
 (203, 103, 103, 'registered', NOW(), NULL, NULL),
 (204, 104, 104, 'waitlisted', NOW(), NULL, NULL),
 (205, 105, 105, 'canceled', NOW(), NOW(), NULL),
 (206, 106, 106, 'registered', NOW(), NULL, NULL),
 (207, 107, 107, 'registered', NOW(), NULL, NULL),
 (208, 108, 108, 'waitlisted', NOW(), NULL, NULL),
 (209, 109, 109, 'registered', NOW(), NULL, NULL),
 (210, 110, 110, 'canceled', NOW(), NOW(), NULL),
 (211, 111, 111, 'registered', NOW(), NULL, NOW()),
 (212, 112, 112, 'waitlisted', NOW(), NULL, NULL),
 (213, 113, 113, 'registered', NOW(), NULL, NULL),
 (214, 114, 114, 'registered', NOW(), NULL, NOW()),
 (215, 115, 115, 'canceled', NOW(), NOW(), NULL),
 (216, 116, 116, 'waitlisted', NOW(), NULL, NULL),
 (217, 117, 117, 'registered', NOW(), NULL, NOW()),
 (218, 118, 118, 'registered', NOW(), NULL, NULL),
 (219, 119, 119, 'registered', NOW(), NULL, NULL),
 (220, 120, 120, 'waitlisted', NOW(), NULL, NULL),
 (221, 121, 121, 'registered', NOW(), NULL, NULL),
 (222, 122, 122, 'registered', NOW(), NULL, NULL),
 (223, 123, 123, 'registered', NOW(), NULL, NOW()),
 (224, 124, 124, 'waitlisted', NOW(), NULL, NULL),
 (225, 125, 125, 'canceled', NOW(), NOW(), NULL),
 (226, 126, 126, 'registered', NOW(), NULL, NOW()),
 (227, 127, 127, 'registered', NOW(), NULL, NULL),
 (228, 128, 128, 'waitlisted', NOW(), NULL, NULL),
 (229, 129, 129, 'registered', NOW(), NULL, NOW()),
 (230, 130, 130, 'canceled', NOW(), NOW(), NULL);
INSERT IGNORE INTO notifications (id, user_id, type, title, content, read_flag, created_at) VALUES
 (301, 101, 'event', '系统通知101', '欢迎使用系统，测试通知内容', 0, NOW()),
 (302, 102, 'event', '系统通知102', '欢迎使用系统，测试通知内容', 0, NOW()),
 (303, 103, 'event', '系统通知103', '欢迎使用系统，测试通知内容', 0, NOW()),
 (304, 104, 'event', '系统通知104', '欢迎使用系统，测试通知内容', 0, NOW()),
 (305, 105, 'event', '系统通知105', '欢迎使用系统，测试通知内容', 0, NOW()),
 (306, 106, 'event', '系统通知106', '欢迎使用系统，测试通知内容', 0, NOW()),
 (307, 107, 'event', '系统通知107', '欢迎使用系统，测试通知内容', 0, NOW()),
 (308, 108, 'event', '系统通知108', '欢迎使用系统，测试通知内容', 0, NOW()),
 (309, 109, 'event', '系统通知109', '欢迎使用系统，测试通知内容', 0, NOW()),
 (310, 110, 'event', '系统通知110', '欢迎使用系统，测试通知内容', 0, NOW()),
 (311, 111, 'event', '系统通知111', '欢迎使用系统，测试通知内容', 0, NOW()),
 (312, 112, 'event', '系统通知112', '欢迎使用系统，测试通知内容', 0, NOW()),
 (313, 113, 'event', '系统通知113', '欢迎使用系统，测试通知内容', 0, NOW()),
 (314, 114, 'event', '系统通知114', '欢迎使用系统，测试通知内容', 0, NOW()),
 (315, 115, 'event', '系统通知115', '欢迎使用系统，测试通知内容', 0, NOW()),
 (316, 116, 'event', '系统通知116', '欢迎使用系统，测试通知内容', 0, NOW()),
 (317, 117, 'event', '系统通知117', '欢迎使用系统，测试通知内容', 0, NOW()),
 (318, 118, 'event', '系统通知118', '欢迎使用系统，测试通知内容', 0, NOW()),
 (319, 119, 'event', '系统通知119', '欢迎使用系统，测试通知内容', 0, NOW()),
 (320, 120, 'event', '系统通知120', '欢迎使用系统，测试通知内容', 0, NOW()),
 (321, 121, 'event', '系统通知121', '欢迎使用系统，测试通知内容', 0, NOW()),
 (322, 122, 'event', '系统通知122', '欢迎使用系统，测试通知内容', 0, NOW()),
 (323, 123, 'event', '系统通知123', '欢迎使用系统，测试通知内容', 0, NOW()),
 (324, 124, 'event', '系统通知124', '欢迎使用系统，测试通知内容', 0, NOW()),
 (325, 125, 'event', '系统通知125', '欢迎使用系统，测试通知内容', 0, NOW()),
 (326, 126, 'event', '系统通知126', '欢迎使用系统，测试通知内容', 0, NOW()),
 (327, 127, 'event', '系统通知127', '欢迎使用系统，测试通知内容', 0, NOW()),
 (328, 128, 'event', '系统通知128', '欢迎使用系统，测试通知内容', 0, NOW()),
 (329, 129, 'event', '系统通知129', '欢迎使用系统，测试通知内容', 0, NOW()),
 (330, 130, 'event', '系统通知130', '欢迎使用系统，测试通知内容', 0, NOW());
INSERT IGNORE INTO registration_blacklist (id, user_id, reason, created_at) VALUES
 (201, 145, '测试黑名单', NOW()),
 (202, 146, '测试黑名单', NOW()),
 (203, 147, '测试黑名单', NOW()),
 (204, 148, '测试黑名单', NOW()),
 (205, 149, '测试黑名单', NOW());

-- 待审核活动示例数据
INSERT IGNORE INTO events (id, org_id, creator_id, title, description, category, tags, location, signup_start_time, signup_end_time, start_time, end_time, capacity, status, created_at, updated_at) VALUES
 (201, 1, 2, '待审活动-校园讲座', '面向全校的科技讲座，等待审核', '讲座', '科技,讲座', '报告厅A', NOW() + INTERVAL 1 DAY, NOW() + INTERVAL 3 DAY, NOW() + INTERVAL 5 DAY, NOW() + INTERVAL 5 DAY + INTERVAL 2 HOUR, 120, 'pending_review', NOW(), NOW()),
 (202, 2, 2, '待审活动-社团招新', '音乐社团招新说明会', '社团', '招新,音乐', '活动室201', NOW() + INTERVAL 2 DAY, NOW() + INTERVAL 4 DAY, NOW() + INTERVAL 6 DAY, NOW() + INTERVAL 6 DAY + INTERVAL 2 HOUR, 80, 'pending_review', NOW(), NOW()),
 (203, 1, 2, '待审活动-公益志愿', '校园公益志愿者活动', '公益', '志愿,公益', '综合楼前广场', NOW() + INTERVAL 1 DAY, NOW() + INTERVAL 2 DAY, NOW() + INTERVAL 4 DAY, NOW() + INTERVAL 4 DAY + INTERVAL 3 HOUR, 60, 'pending_review', NOW(), NOW()),
 (204, 2, 2, '待审活动-创新工坊', '创新实践工坊报名', '培训', '创新,实践', '实验楼B-101', NOW() + INTERVAL 3 DAY, NOW() + INTERVAL 5 DAY, NOW() + INTERVAL 7 DAY, NOW() + INTERVAL 7 DAY + INTERVAL 2 HOUR, 40, 'pending_review', NOW(), NOW());

-- 组织者端报名/签到/统计示例数据
INSERT IGNORE INTO registrations (id, event_id, user_id, status, created_at, canceled_at, checkin_at) VALUES
 (231, 1, 101, 'registered', NOW(), NULL, NOW()),
 (232, 1, 102, 'registered', NOW(), NULL, NULL),
 (233, 1, 103, 'waitlisted', NOW(), NULL, NULL),
 (234, 1, 104, 'registered', NOW(), NULL, NOW()),
 (235, 1, 105, 'canceled', NOW(), NOW(), NULL),
 (236, 1, 106, 'registered', NOW(), NULL, NULL),
 (237, 2, 107, 'registered', NOW(), NULL, NOW()),
 (238, 2, 108, 'registered', NOW(), NULL, NULL),
 (239, 2, 109, 'waitlisted', NOW(), NULL, NULL),
 (240, 2, 110, 'registered', NOW(), NULL, NOW()),
 (241, 2, 111, 'canceled', NOW(), NOW(), NULL),
 (242, 2, 112, 'registered', NOW(), NULL, NULL),
 (243, 2, 113, 'registered', NOW(), NULL, NULL),
 (244, 1, 114, 'registered', NOW(), NULL, NULL),
 (245, 1, 115, 'registered', NOW(), NULL, NOW()),
 (246, 1, 116, 'registered', NOW(), NULL, NULL),
 (247, 2, 117, 'registered', NOW(), NULL, NULL),
 (248, 2, 118, 'registered', NOW(), NULL, NOW()),
 (249, 1, 119, 'waitlisted', NOW(), NULL, NULL),
 (250, 2, 120, 'registered', NOW(), NULL, NULL);
